id,name,position,team_id,market_value,market_variation,date
756,Valverde,3.0,541,81236771.0,2025606.0,2026-01-10
10009,Rodrygo,4.0,541,37219818.0,1935593.0,2026-01-10
1323,Dani Olmo,3.0,529,36005991.0,1290556.0,2026-01-10
284300,Carreras,2.0,541,78694314.0,1274497.0,2026-01-10
46799,Edu Expósito,3.0,540,73912087.0,1008387.0,2026-01-10
133609,Pedri,3.0,529,166825742.0,963971.0,2026-01-10
2207,Camavinga,3.0,541,21308341.0,931420.0,2026-01-10
182219,Álex Baena,3.0,530,61802856.0,819080.0,2026-01-10
161928,Álex Balde,2.0,529,46789157.0,809268.0,2026-01-10
47582,Cucho,4.0,543,108361847.0,796767.0,2026-01-10
182519,Moleiro,3.0,533,109277538.0,777109.0,2026-01-10
128582,De Frutos,4.0,728,27874676.0,680083.0,2026-01-10
32862,Take Kubo,3.0,548,26043694.0,670004.0,2026-01-10
184420,Carlos Romero,2.0,540,42330804.0,655503.0,2026-01-10
47348,Borja Iglesias,4.0,538,18120033.0,652854.0,2026-01-10
182718,Joan García,1.0,529,65969497.0,642607.0,2026-01-10
181701,Gerard Martín,2.0,529,20349655.0,628919.0,2026-01-10
1257,Koundé,2.0,529,37585513.0,621082.0,2026-01-10
18895,Lejeune,2.0,728,40133124.0,587623.0,2026-01-10
1271,Tchouaméni,3.0,541,58381922.0,565407.0,2026-01-10
161963,Germán Valera,4.0,797,41055103.0,530479.0,2026-01-10
2285,Rudiger,2.0,541,22617835.0,522288.0,2026-01-10
730,Courtois,1.0,541,49137944.0,464563.0,2026-01-10
925,Guedes,4.0,548,20437302.0,462415.0,2026-01-10
619,Eric García,2.0,529,66628643.0,446212.0,2026-01-10
396623,Pau Cubarsí,2.0,529,39578406.0,429026.0,2026-01-10
180496,G. Mikautadze,4.0,533,13614713.0,403292.0,2026-01-10
3246,N. Pépé,4.0,533,27108062.0,402294.0,2026-01-10
47249,L. Cabrera,2.0,540,20560626.0,385415.0,2026-01-10
283,Trent,2.0,541,12483849.0,357003.0,2026-01-10
47541,Comesaña,3.0,533,36444293.0,340544.0,2026-01-10
1703,Ratiu,2.0,728,46801812.0,327500.0,2026-01-10
931,Ferran Torres,4.0,529,110432652.0,309042.0,2026-01-10
2278,Marcos Alonso,2.0,538,22968236.0,303070.0,2026-01-10
47258,Arambarri,3.0,546,20541014.0,300881.0,2026-01-10
47323,Oyarzabal,4.0,548,66209711.0,286080.0,2026-01-10
50048,Muriqi,4.0,798,30709696.0,284502.0,2026-01-10
46658,Rubén García,3.0,727,8804686.0,282093.0,2026-01-10
372,Militão,2.0,541,35770725.0,258643.0,2026-01-10
47398,Pere Milla,4.0,540,22241837.0,227209.0,2026-01-10
341640,Raúl Asencio,2.0,541,7771667.0,187255.0,2026-01-10
312990,Roberto Fernández,4.0,540,11346527.0,173095.0,2026-01-10
295793,Marc Pubill,2.0,530,5280678.0,172897.0,2026-01-10
182661,Álvaro Núñez,2.0,797,24322178.0,170233.0,2026-01-10
47440,Brais Méndez,3.0,548,26679101.0,164350.0,2026-01-10
131546,Isi,4.0,728,9262144.0,149916.0,2026-01-10
336711,Gonzalo,4.0,541,1844574.0,149878.0,2026-01-10
46711,Aleix Febas,3.0,797,12131910.0,143777.0,2026-01-10
2182,Tsygankov,4.0,547,5607915.0,140736.0,2026-01-10
47085,Luis Milla,3.0,546,119818675.0,129672.0,2026-01-10
47349,Javi Puado,3.0,540,5587325.0,108126.0,2026-01-10
50,Koke,3.0,530,22420189.0,106351.0,2026-01-10
271580,Martim Neto,3.0,797,2226383.0,102705.0,2026-01-10
733,Carvajal,2.0,541,3719394.0,100450.0,2026-01-10
30765,I. Radu,1.0,538,11487821.0,96385.0,2026-01-10
182770,Carlos Álvarez,3.0,539,6627102.0,86621.0,2026-01-10
46662,Moncayola,3.0,727,6063739.0,81085.0,2026-01-10
46746,Budimir,4.0,727,18203846.0,76333.0,2026-01-10
286639,Bryan Zaragoza,4.0,538,3794554.0,76073.0,2026-01-10
343202,Á. Rodríguez,4.0,797,3042662.0,74836.0,2026-01-10
930,Carlos Soler,3.0,548,9901000.0,70118.0,2026-01-10
47988,Starfelt,2.0,538,2788026.0,69296.0,2026-01-10
8492,Sørloth,4.0,530,6117412.0,64527.0,2026-01-10
273732,T. Dolan,4.0,540,4661004.0,64317.0,2026-01-10
414359,Vitor Reis,2.0,547,2520332.0,63103.0,2026-01-10
1702,Pedraza,2.0,533,1483799.0,59616.0,2026-01-10
47566,Javi Galán,2.0,727,992449.0,59374.0,2026-01-10
47119,Aitor Ruibal,2.0,543,1151713.0,56704.0,2026-01-10
47478,Fernando Calero,2.0,540,2668790.0,53671.0,2026-01-10
6503,Nahuel,2.0,530,1364641.0,49405.0,2026-01-10
47463,Pepelu,3.0,532,2616674.0,47063.0,2026-01-10
311773,Mouriño,2.0,533,9918414.0,47009.0,2026-01-10
538,De Jong,3.0,529,51908775.0,37355.0,2026-01-10
47341,Marc Roca,3.0,543,1307568.0,36276.0,2026-01-10
928,Parejo,3.0,533,858179.0,36057.0,2026-01-10
333502,Miguel Román,3.0,538,709570.0,32948.0,2026-01-10
2813,Dmitrovic,1.0,540,14077834.0,26194.0,2026-01-10
161670,V. Vanat,4.0,547,2350487.0,23222.0,2026-01-10
269163,Swedberg,3.0,538,1412695.0,20964.0,2026-01-10
320517,Pablo Durán,4.0,538,605566.0,20906.0,2026-01-10
162712,Mingueza,2.0,538,5043536.0,18435.0,2026-01-10
21701,Rosier,2.0,727,3824113.0,17958.0,2026-01-10
183699,Urko,2.0,540,660448.0,17075.0,2026-01-10
338751,Víctor Muñoz,4.0,727,7978092.0,15223.0,2026-01-10
182592,Herrando,2.0,727,605506.0,15015.0,2026-01-10
47314,Zubeldia,2.0,548,3466400.0,13721.0,2026-01-10
47285,Unai López,3.0,728,5418016.0,13430.0,2026-01-10
283668,Arnau,2.0,547,1304993.0,12452.0,2026-01-10
31406,Sadiq,4.0,532,613710.0,12398.0,2026-01-10
47291,Guruzeta,4.0,531,1486540.0,12005.0,2026-01-10
300885,Nelson Deossa,3.0,543,728536.0,10953.0,2026-01-10
183744,Turrientes,3.0,548,595508.0,9168.0,2026-01-10
286601,O. El Hilali,2.0,540,2659715.0,9069.0,2026-01-10
126,Iñaki Peña,1.0,797,2363749.0,8334.0,2026-01-10
67939,Aimar Oroz,3.0,727,5549578.0,8240.0,2026-01-10
2061,Bryan Gil,4.0,547,1591024.0,6935.0,2026-01-10
1825,Torró,3.0,727,843231.0,6476.0,2026-01-10
187318,Aguado,3.0,797,972197.0,5879.0,2026-01-10
192032,Iván Romero,4.0,539,3112182.0,5468.0,2026-01-10
383647,Kochen,1.0,529,579951.0,5331.0,2026-01-10
910,A. Sánchez,4.0,536,2328000.0,4983.0,2026-01-10
21087,B. Mendy,3.0,536,1105211.0,4550.0,2026-01-10
1489,Gudelj,3.0,536,681925.0,4501.0,2026-01-10
157988,Carreira,2.0,538,1453133.0,4448.0,2026-01-10
1631,R. Rodríguez,2.0,543,1669257.0,4358.0,2026-01-10
181734,Chavarría,2.0,728,17854207.0,4188.0,2026-01-10
162123,I. Moriba,3.0,538,1138940.0,3840.0,2026-01-10
338958,R. Bardghji,3.0,529,1088663.0,3811.0,2026-01-10
199044,Aramburu,2.0,548,836034.0,3318.0,2026-01-10
47109,Ó. Valentín,3.0,728,944600.0,3068.0,2026-01-10
30927,S. Colombatto,3.0,718,604592.0,3032.0,2026-01-10
1118,J. Toljan,2.0,539,893927.0,2900.0,2026-01-10
734,Dela,2.0,539,580407.0,2173.0,2026-01-10
41157,Almeida,3.0,532,911905.0,1973.0,2026-01-10
600938,Pablo Agudin,3.0,718,555863.0,1830.0,2026-01-10
47547,Álex Moreno,2.0,547,841707.0,1421.0,2026-01-10
18794,Kiko Femenía,2.0,546,1071914.0,1358.0,2026-01-10
421044,Íñigo Arguibide,2.0,727,568768.0,1292.0,2026-01-10
568156,Selton Sánchez,3.0,531,572435.0,1140.0,2026-01-10
543466,Ibon Sánchez,3.0,531,573679.0,1088.0,2026-01-10
337843,Fraga,1.0,548,574606.0,1049.0,2026-01-10
381197,Asier Osambela,3.0,727,574679.0,1046.0,2026-01-10
162585,Pol Tristán,1.0,540,574742.0,1043.0,2026-01-10
297742,Antoniu Roca,4.0,540,575012.0,1032.0,2026-01-10
309364,Coba,3.0,546,575252.0,1022.0,2026-01-10
47407,A. Nyom,2.0,546,575307.0,1020.0,2026-01-10
439633,Samu Becerra,4.0,728,575326.0,1019.0,2026-01-10
21584,Ristić,2.0,538,575456.0,1013.0,2026-01-10
353803,Mawuli Mensah,3.0,543,575613.0,1008.0,2026-01-10
411702,Pau Cabanes,4.0,533,575617.0,1007.0,2026-01-10
432476,Krapyvtsov,1.0,547,575631.0,1006.0,2026-01-10
445973,Toni Fernández,4.0,529,575623.0,1006.0,2026-01-10
308346,Alberto Flores,1.0,536,575709.0,1003.0,2026-01-10
284415,Yago,4.0,797,575767.0,1000.0,2026-01-10
189832,Marrero,1.0,548,575822.0,999.0,2026-01-10
306727,Jhon Solís,3.0,547,575822.0,999.0,2026-01-10
329722,Yoel Lago,2.0,538,575845.0,998.0,2026-01-10
46987,Raúl Fernández,1.0,542,575890.0,996.0,2026-01-10
104832,Diego Pampín,2.0,539,575910.0,995.0,2026-01-10
19613,Ovie Ejaria,3.0,718,575910.0,995.0,2026-01-10
315604,Alejandro Iturbe,1.0,797,575934.0,994.0,2026-01-10
184194,Álex Forés,4.0,718,575959.0,993.0,2026-01-10
156488,Cárdenas,1.0,728,575974.0,992.0,2026-01-10
913,Cristian Rivero,1.0,532,575998.0,991.0,2026-01-10
491250,Jofre Torrents,2.0,529,575999.0,991.0,2026-01-10
509470,Thiago Pitarch,3.0,541,576054.0,990.0,2026-01-10
8746,Bambo Diaby,2.0,797,576215.0,982.0,2026-01-10
402580,Marco Esteban,2.0,718,576198.0,982.0,2026-01-10
66491,Letacek,1.0,546,576366.0,975.0,2026-01-10
293604,Javi Llabrés,4.0,798,576376.0,975.0,2026-01-10
336998,Adama,2.0,531,576474.0,971.0,2026-01-10
385405,Omar Falah,2.0,718,576491.0,971.0,2026-01-10
331607,Manu Bueno,3.0,536,576491.0,971.0,2026-01-10
439293,Adam Boayar,4.0,797,576474.0,971.0,2026-01-10
335697,David López,2.0,798,576515.0,969.0,2026-01-10
107140,Oier Luengo,2.0,718,576695.0,963.0,2026-01-10
47399,Cuéllar,1.0,798,576680.0,962.0,2026-01-10
182730,Marc Vidal,1.0,538,576708.0,961.0,2026-01-10
450497,Carlos Espí,4.0,539,576781.0,958.0,2026-01-10
2465,Musso,1.0,530,576851.0,955.0,2026-01-10
361384,Yusi,2.0,542,577026.0,948.0,2026-01-10
920,Lato,2.0,798,577075.0,946.0,2026-01-10
324750,Carlos Martín,3.0,728,577084.0,946.0,2026-01-10
182735,Ángel Fortuño,1.0,540,577131.0,944.0,2026-01-10
18812,Adrián,1.0,543,577193.0,941.0,2026-01-10
179955,Javi Rueda,2.0,538,3846599.0,939.0,2026-01-10
70476,M. Diarra,2.0,542,577342.0,936.0,2026-01-10
332309,Alejandro Rego,3.0,531,577368.0,934.0,2026-01-10
189866,Jonh Donald,2.0,797,577396.0,933.0,2026-01-10
15900,Mumin,2.0,728,577391.0,933.0,2026-01-10
314006,Jozhua Vertrouwd,2.0,728,577527.0,928.0,2026-01-10
288800,Benito,4.0,727,577523.0,927.0,2026-01-10
183751,Rebbach,4.0,542,577617.0,924.0,2026-01-10
182603,Olasagasti,3.0,539,577684.0,921.0,2026-01-10
570,Cervi,3.0,538,577667.0,921.0,2026-01-10
41412,Maras,2.0,542,577735.0,919.0,2026-01-10
46667,Kike Barja,4.0,727,577819.0,915.0,2026-01-10
47427,Iván Villar,1.0,538,577935.0,910.0,2026-01-10
157146,L. Pétrot,2.0,797,577930.0,910.0,2026-01-10
332308,Unai Gómez,3.0,531,578278.0,896.0,2026-01-10
184407,José Salinas,2.0,540,578293.0,895.0,2026-01-10
128951,Víctor Parada,2.0,542,578377.0,893.0,2026-01-10
182621,Iker Muñoz,3.0,727,578449.0,890.0,2026-01-10
133110,Nianzou,2.0,536,578454.0,889.0,2026-01-10
46751,Abdón,4.0,798,578541.0,886.0,2026-01-10
46790,Víctor García,2.0,539,578566.0,884.0,2026-01-10
47448,Aitor Fdez.,1.0,727,578751.0,876.0,2026-01-10
182639,Unai Vencedor,3.0,539,578804.0,874.0,2026-01-10
286559,Carlos Domínguez,2.0,538,578828.0,873.0,2026-01-10
48372,E. Cömert,2.0,532,578957.0,868.0,2026-01-10
162434,Alejandro Francés,2.0,547,579115.0,862.0,2026-01-10
313025,Hugo Rincón,2.0,547,579078.0,862.0,2026-01-10
107194,Antonio S.,3.0,798,579122.0,861.0,2026-01-10
266658,Calebe,3.0,542,579119.0,861.0,2026-01-10
448243,Ali Houary,4.0,797,579135.0,860.0,2026-01-10
439617,Isma,2.0,546,579172.0,859.0,2026-01-10
42642,Moldovan,1.0,718,579174.0,858.0,2026-01-10
351913,Abdellaoui,4.0,538,579233.0,856.0,2026-01-10
47153,Juan Carlos,1.0,547,579339.0,852.0,2026-01-10
286593,Nico Serrano,4.0,531,579363.0,851.0,2026-01-10
182674,Jofre,4.0,540,579602.0,842.0,2026-01-10
122657,Nteka,4.0,728,579561.0,842.0,2026-01-10
131548,Lucas Ahijado,2.0,718,579613.0,840.0,2026-01-10
737,Odriozola,2.0,548,579685.0,837.0,2026-01-10
183776,Urko Izeta,4.0,531,579749.0,835.0,2026-01-10
199824,Rubén,2.0,540,579792.0,833.0,2026-01-10
47418,Vesga,3.0,531,579845.0,831.0,2026-01-10
47329,Pedrosa,2.0,797,579892.0,829.0,2026-01-10
46973,Josan,3.0,797,580024.0,823.0,2026-01-10
182636,Javi López,2.0,718,580056.0,822.0,2026-01-10
435552,Pau Navarro,2.0,533,580181.0,817.0,2026-01-10
155,Abel Ruiz,4.0,547,580181.0,817.0,2026-01-10
491087,Dro Fernández,3.0,529,580381.0,809.0,2026-01-10
21997,Logan Costa,2.0,533,580390.0,808.0,2026-01-10
46759,Espino,2.0,728,580524.0,802.0,2026-01-10
47298,Aritz,2.0,548,580577.0,800.0,2026-01-10
312468,Padilla,1.0,531,580707.0,796.0,2026-01-10
47389,Jordán,3.0,536,580891.0,788.0,2026-01-10
288112,Kambwala,2.0,533,581042.0,781.0,2026-01-10
47414,Gumbau,3.0,728,581040.0,781.0,2026-01-10
128985,Iker Losada,3.0,539,581088.0,779.0,2026-01-10
6085,Protesoni,3.0,542,581429.0,765.0,2026-01-10
182617,Prados,3.0,531,581452.0,764.0,2026-01-10
47520,Portu,4.0,547,581707.0,753.0,2026-01-10
46941,Unai Elgezabal,2.0,539,581739.0,752.0,2026-01-10
1926,Aidoo,2.0,538,582041.0,740.0,2026-01-10
547,Van de Beek,3.0,547,582499.0,720.0,2026-01-10
25375,T. Asano,4.0,798,583145.0,693.0,2026-01-10
334574,Ángel Ortiz,2.0,543,583189.0,691.0,2026-01-10
290740,Akhomach,4.0,533,583312.0,686.0,2026-01-10
47303,Aihen,2.0,548,583512.0,678.0,2026-01-10
47309,Guevara,3.0,542,583772.0,668.0,2026-01-10
885,Bailly,2.0,718,584219.0,648.0,2026-01-10
3608,K. Sibo,3.0,718,584364.0,642.0,2026-01-10
338295,Primo,1.0,539,584420.0,640.0,2026-01-10
20520,Balliu,2.0,728,584419.0,640.0,2026-01-10
268960,Zakharyan,3.0,548,584601.0,633.0,2026-01-10
47276,Lekue,2.0,531,584810.0,624.0,2026-01-10
38699,L. Ilić,3.0,718,585316.0,603.0,2026-01-10
48555,Charles Pickel,3.0,540,585516.0,594.0,2026-01-10
47579,Chimy Ávila,4.0,543,585934.0,578.0,2026-01-10
295223,Rahim,2.0,718,585921.0,577.0,2026-01-10
182486,Alberto Reina,3.0,718,585998.0,574.0,2026-01-10
52,Camello,4.0,728,585998.0,574.0,2026-01-10
162126,Peque,4.0,536,586037.0,573.0,2026-01-10
23,Sergio Gómez,2.0,548,5394774.0,568.0,2026-01-10
47557,Trejo,3.0,728,586472.0,554.0,2026-01-10
2762,J. Brekalo,3.0,718,586566.0,551.0,2026-01-10
316517,A. Matturro,2.0,539,586621.0,548.0,2026-01-10
106727,Oriol Rey,3.0,539,587665.0,506.0,2026-01-10
47256,Miguel Rubio,2.0,540,587658.0,505.0,2026-01-10
30924,Kumbulla,2.0,798,587771.0,500.0,2026-01-10
47400,Lunin,1.0,541,587937.0,493.0,2026-01-10
108519,Mateu Morey,2.0,798,587942.0,493.0,2026-01-10
46860,Javi Muñoz,3.0,546,588048.0,489.0,2026-01-10
341453,Oso,2.0,536,588194.0,484.0,2026-01-10
162058,Víctor Chust,2.0,797,588324.0,477.0,2026-01-10
182638,Manu Fernández,3.0,538,588374.0,475.0,2026-01-10
546852,Álex Sancris,4.0,546,588694.0,462.0,2026-01-10
311345,F. Redondo,3.0,797,589144.0,443.0,2026-01-10
2617,Stuani,4.0,547,589724.0,419.0,2026-01-10
146751,Raúl,4.0,727,590100.0,403.0,2026-01-10
3033,C. Bakambu,4.0,543,590626.0,381.0,2026-01-10
2924,A. Januzaj,3.0,536,590935.0,369.0,2026-01-10
47527,Dimitrievski,1.0,532,591161.0,359.0,2026-01-10
182546,Jon Pacheco,2.0,542,591561.0,342.0,2026-01-10
20817,Koyalipou,4.0,539,592310.0,311.0,2026-01-10
122956,Conde,1.0,533,592404.0,307.0,2026-01-10
46966,Dani Calvo,2.0,718,592413.0,307.0,2026-01-10
139001,Ibáñez,3.0,542,1012309.0,284.0,2026-01-10
47435,Fran Beltrán,3.0,538,593608.0,258.0,2026-01-10
338902,Andrés Castrín,2.0,536,593896.0,245.0,2026-01-10
471478,Davinchi,2.0,546,594506.0,221.0,2026-01-10
760,Mariano,4.0,542,595926.0,160.0,2026-01-10
187987,Terrats,3.0,540,596096.0,154.0,2026-01-10
104821,Guridi,3.0,542,596216.0,148.0,2026-01-10
152955,L. Bergström,1.0,798,596541.0,135.0,2026-01-10
46657,Nacho Vidal,2.0,718,596670.0,130.0,2026-01-10
47299,Gorosabel,2.0,531,596720.0,127.0,2026-01-10
384135,Javi Rodríguez,2.0,538,597315.0,103.0,2026-01-10
37938,Becker,4.0,727,597461.0,97.0,2026-01-10
47302,Diego Llorente,2.0,543,610979.0,86.0,2026-01-10
505,Alaba,2.0,541,597726.0,86.0,2026-01-10
1482,Thierry Correia,2.0,532,598110.0,69.0,2026-01-10
433,Marcão,2.0,536,598260.0,64.0,2026-01-10
286611,Pablo Campos,1.0,539,598391.0,58.0,2026-01-10
45,Lemar,3.0,547,599009.0,32.0,2026-01-10
41208,Fábio Cardoso,2.0,536,599063.0,30.0,2026-01-10
653,Mendy,2.0,541,599314.0,19.0,2026-01-10
47334,David López,2.0,547,599545.0,10.0,2026-01-10
46742,Dani R.,3.0,798,567659.0,0.0,2026-01-10
405073,Jon Martín,2.0,548,603868.0,-5.0,2026-01-10
48465,Filip Ugrinic,3.0,532,600520.0,-30.0,2026-01-10
1461,Denis Suárez,3.0,542,601123.0,-56.0,2026-01-10
290106,Pablo Marín,3.0,548,601526.0,-73.0,2026-01-10
47225,Brugui,3.0,539,602539.0,-115.0,2026-01-10
339105,Joel Roca,3.0,547,603803.0,-168.0,2026-01-10
46887,Pedro Díaz,3.0,728,603882.0,-170.0,2026-01-10
284441,A. Kamara,4.0,546,604549.0,-199.0,2026-01-10
41976,Neyou,3.0,546,604637.0,-202.0,2026-01-10
61774,Oskarsson,4.0,548,604669.0,-203.0,2026-01-10
266202,I. Chaira,4.0,718,609088.0,-212.0,2026-01-10
2741,M. Ryan,1.0,539,1750540.0,-244.0,2026-01-10
1701,Morlanes,3.0,798,605773.0,-249.0,2026-01-10
443163,Pablo García,4.0,543,606651.0,-285.0,2026-01-10
18821,G. Diangana,3.0,797,609097.0,-388.0,2026-01-10
104949,Pablo Martínez,3.0,539,610897.0,-463.0,2026-01-10
7332,Luka Sucic,3.0,548,611960.0,-508.0,2026-01-10
51530,F. Viñas,4.0,718,613276.0,-562.0,2026-01-10
957,Sow,3.0,536,614140.0,-598.0,2026-01-10
47320,Juanmi,4.0,546,614462.0,-612.0,2026-01-10
1847,Luiz Felipe,2.0,728,614777.0,-625.0,2026-01-10
433396,Marc Bernal,3.0,529,615861.0,-670.0,2026-01-10
1695,Santi Cazorla,3.0,718,617134.0,-723.0,2026-01-10
127,Ter Stegen,1.0,529,617433.0,-735.0,2026-01-10
162175,Jesús Vázquez,2.0,532,617434.0,-736.0,2026-01-10
162931,Fran Pérez,3.0,728,617960.0,-757.0,2026-01-10
47429,David Costas,2.0,718,705381.0,-858.0,2026-01-10
162473,Arnau Tenas,1.0,533,622293.0,-937.0,2026-01-10
47467,José Luis Morales,4.0,539,629611.0,-1243.0,2026-01-10
47378,Bigas,2.0,797,3276342.0,-1382.0,2026-01-10
287680,Maroan Sannadi,4.0,531,640023.0,-1677.0,2026-01-10
46967,Juan Cruz,2.0,727,641173.0,-1725.0,2026-01-10
91745,Alemão,4.0,728,641747.0,-1749.0,2026-01-10
138776,L. Ramazani,4.0,532,645035.0,-1886.0,2026-01-10
414,Mascarell,3.0,798,646200.0,-1934.0,2026-01-10
2449,Yangel Herrera,3.0,548,651665.0,-2162.0,2026-01-10
30543,G. Raspadori,4.0,530,660426.0,-2527.0,2026-01-10
125239,Kevin Arriaga,3.0,539,681919.0,-2558.0,2026-01-10
19172,Nyland,1.0,536,662206.0,-2601.0,2026-01-10
281795,Asprilla,4.0,547,664541.0,-2698.0,2026-01-10
736,Fran García,2.0,541,665977.0,-2757.0,2026-01-10
329720,Hugo Álvarez,3.0,538,668335.0,-2857.0,2026-01-10
181582,Copete,2.0,532,754472.0,-2906.0,2026-01-10
39121,Ejuke,4.0,536,670271.0,-2937.0,2026-01-10
531,Daley Blind,2.0,547,1124559.0,-3006.0,2026-01-10
297311,Kike Salas,2.0,536,684258.0,-3520.0,2026-01-10
47396,Kike García,4.0,540,694417.0,-3943.0,2026-01-10
748,Ceballos,3.0,541,704406.0,-4358.0,2026-01-10
84086,Robert Navarro,3.0,531,857110.0,-4607.0,2026-01-10
421807,M. Moreno,2.0,539,713332.0,-4731.0,2026-01-10
343205,Mario Martín,3.0,546,718614.0,-4951.0,2026-01-10
127426,Pol Lozano,3.0,540,719954.0,-5007.0,2026-01-10
608,L. Boyé,4.0,542,854200.0,-5069.0,2026-01-10
351587,T. Oluwaseyi,4.0,533,724382.0,-5191.0,2026-01-10
119213,Alfon González,4.0,536,724474.0,-5195.0,2026-01-10
181259,Abel Bretones,3.0,727,902756.0,-5247.0,2026-01-10
1305,D. Livaković,1.0,547,735970.0,-5674.0,2026-01-10
6010,L. Beltrán,4.0,532,856964.0,-5731.0,2026-01-10
162686,Blanco,3.0,542,2926058.0,-5797.0,2026-01-10
2282,Christensen,2.0,529,743395.0,-5984.0,2026-01-10
187214,C. Vicente,4.0,542,9359749.0,-6801.0,2026-01-10
47251,Foulquier,2.0,532,780261.0,-6834.0,2026-01-10
1700,Iván Martín,3.0,547,2338202.0,-7071.0,2026-01-10
21153,B. Santamaría,3.0,532,769476.0,-7071.0,2026-01-10
1902,Caleta-Car,2.0,548,773746.0,-7249.0,2026-01-10
182772,Juanlu,3.0,536,784669.0,-7704.0,2026-01-10
287654,Jon Gorrotxategi,3.0,548,1748835.0,-8242.0,2026-01-10
916,Diakhaby,2.0,532,808413.0,-8693.0,2026-01-10
190485,Samú Costa,3.0,798,1908878.0,-8802.0,2026-01-10
119742,Juan Iglesias,2.0,546,983312.0,-8808.0,2026-01-10
1708,Dani Raba,4.0,532,811207.0,-8810.0,2026-01-10
57446,Akor Adams,4.0,536,811962.0,-8841.0,2026-01-10
296667,Gavi,3.0,529,823905.0,-9339.0,2026-01-10
64309,Manu Sánchez,2.0,539,829373.0,-9566.0,2026-01-10
11346,Dituro,1.0,797,834545.0,-9782.0,2026-01-10
21004,Agoumé,3.0,536,2676238.0,-9836.0,2026-01-10
20844,H. Hassan,4.0,718,991861.0,-10381.0,2026-01-10
67972,Gallagher,3.0,530,1055864.0,-11172.0,2026-01-10
46738,Valjent,2.0,798,3273571.0,-11446.0,2026-01-10
47445,Aspas,4.0,538,4377128.0,-11488.0,2026-01-10
46990,Valles,1.0,543,3283828.0,-11676.0,2026-01-10
2280,Azpilicueta,2.0,536,891333.0,-12147.0,2026-01-10
18867,Diego Rico,2.0,546,1277995.0,-12785.0,2026-01-10
46813,Abqar,2.0,546,911234.0,-12977.0,2026-01-10
918,Gayá,2.0,532,1478596.0,-13669.0,2026-01-10
47574,Moi Gómez,3.0,727,970245.0,-15435.0,2026-01-10
341371,Rodrigo Mendoza,3.0,797,979497.0,-15822.0,2026-01-10
282054,C. Riedel,2.0,540,985994.0,-16092.0,2026-01-10
41970,David Carmo,2.0,718,1103642.0,-16206.0,2026-01-10
47181,Toni Martínez,4.0,542,1107431.0,-17502.0,2026-01-10
179139,Leo Román,1.0,798,1963360.0,-18294.0,2026-01-10
386859,Héctor Fort,2.0,797,1132072.0,-18386.0,2026-01-10
133185,Johnny Cardoso,3.0,530,1553096.0,-18870.0,2026-01-10
313059,M. Joseph,4.0,798,1217356.0,-19286.0,2026-01-10
285909,Pablo Torre,3.0,798,1077653.0,-19427.0,2026-01-10
851,Szczesny,1.0,529,1406086.0,-20084.0,2026-01-10
26302,Maffeo,2.0,798,1852165.0,-21485.0,2026-01-10
1561,Bartra,2.0,543,35916880.0,-21612.0,2026-01-10
2922,L. Dendoncker,3.0,718,1122766.0,-21790.0,2026-01-10
133,Lenglet,2.0,530,1126033.0,-21927.0,2026-01-10
185398,Isaac Romero,4.0,536,1772912.0,-22981.0,2026-01-10
122734,Ferran Jutglà,4.0,538,1166648.0,-23620.0,2026-01-10
1564,Junior Firpo,2.0,543,1195138.0,-24806.0,2026-01-10
136117,Riquelme,3.0,543,2693540.0,-25660.0,2026-01-10
48471,R. Vargas,4.0,536,18575789.0,-25762.0,2026-01-10
20,Witsel,3.0,547,3023139.0,-26066.0,2026-01-10
355004,Valentín,2.0,543,1697923.0,-26110.0,2026-01-10
49,T. Partey,3.0,533,1493632.0,-26203.0,2026-01-10
1557,Pau López,1.0,543,1366653.0,-27830.0,2026-01-10
18740,Jonny Otto,2.0,542,2905786.0,-28602.0,2026-01-10
744,Brahim,3.0,541,1977615.0,-29583.0,2026-01-10
394573,Adrian Liso,4.0,546,2759254.0,-29639.0,2026-01-10
158,Gazzaniga,1.0,547,2314811.0,-30562.0,2026-01-10
336671,Renato Veiga,2.0,533,14028644.0,-31376.0,2026-01-10
286084,Altimira,3.0,543,1461123.0,-31378.0,2026-01-10
329728,Casadó,3.0,529,1603009.0,-32025.0,2026-01-10
557,Vlachodimos,1.0,536,2502223.0,-34791.0,2026-01-10
46795,Domingos Duarte,2.0,546,1497235.0,-37393.0,2026-01-10
2063,André Silva,4.0,797,3939949.0,-39902.0,2026-01-10
315699,Javi Guerra,3.0,532,4158087.0,-40029.0,2026-01-10
313651,Sotelo,3.0,538,1878155.0,-43219.0,2026-01-10
47353,Sivera,1.0,542,3805413.0,-43640.0,2026-01-10
1439,Bellerín,2.0,543,11711695.0,-43752.0,2026-01-10
358431,Nobel Mendy,2.0,728,5395758.0,-45443.0,2026-01-10
162012,Ruggeri,2.0,530,3218418.0,-49115.0,2026-01-10
126640,Affengruber,2.0,797,19607697.0,-51430.0,2026-01-10
162127,Diego López,4.0,532,4041279.0,-51785.0,2026-01-10
333672,Tárrega,2.0,532,6419746.0,-53671.0,2026-01-10
143,Aleñá,3.0,542,3278921.0,-55389.0,2026-01-10
166,Foyth,2.0,533,12041730.0,-57135.0,2026-01-10
237066,Rafa Marín,2.0,533,15489688.0,-63380.0,2026-01-10
74,S. Amrabat,3.0,543,3311280.0,-64771.0,2026-01-10
47269,Remiro,1.0,548,5824800.0,-65589.0,2026-01-10
46673,Aarón Escandell,1.0,718,27566127.0,-65655.0,2026-01-10
70500,Sergi Cardona,2.0,533,8842384.0,-67245.0,2026-01-10
41552,Pathé Ciss,3.0,728,3131751.0,-68891.0,2026-01-10
11421,G. Suazo,2.0,536,2588294.0,-69863.0,2026-01-10
47336,Darder,3.0,798,10474563.0,-71594.0,2026-01-10
491248,Jan Virgili,4.0,798,10146207.0,-75247.0,2026-01-10
195923,Carmona,2.0,536,7221793.0,-80323.0,2026-01-10
101814,Araújo,2.0,529,4224526.0,-84897.0,2026-01-10
47247,David Soria,1.0,546,8467319.0,-88049.0,2026-01-10
31,Giménez,2.0,530,6162538.0,-88591.0,2026-01-10
182181,Areso,2.0,531,4253251.0,-88636.0,2026-01-10
51016,T. Buchanan,3.0,533,18192334.0,-93882.0,2026-01-10
64268,Mojica,2.0,798,10145709.0,-100458.0,2026-01-10
47250,Djené,2.0,546,3844763.0,-100823.0,2026-01-10
47543,Álvaro García,3.0,728,17806965.0,-103216.0,2026-01-10
47472,Borja Mayoral,4.0,546,3916717.0,-106358.0,2026-01-10
47264,Hugo Duro,4.0,532,4751950.0,-110234.0,2026-01-10
47294,Iñaki Williams,4.0,531,9405034.0,-110310.0,2026-01-10
11379,A. Batalla,1.0,728,13376508.0,-113578.0,2026-01-10
46646,S. Herrera,1.0,727,14750521.0,-115456.0,2026-01-10
279822,F. Boyomo,2.0,727,8222815.0,-126076.0,2026-01-10
46933,Rioja,3.0,532,9943201.0,-133749.0,2026-01-10
195100,Natan,2.0,543,50218949.0,-134101.0,2026-01-10
47007,De Galarreta,3.0,531,7767791.0,-134179.0,2026-01-10
449249,Franco,4.0,541,6495458.0,-138017.0,2026-01-10
183849,Paredes,2.0,531,8221811.0,-138289.0,2026-01-10
29,Oblak,1.0,530,22413851.0,-142402.0,2026-01-10
6067,Thiago Almada,3.0,530,7140039.0,-161562.0,2026-01-10
278619,Luíz Júnior,1.0,533,19221480.0,-161762.0,2026-01-10
1578,G. Lo Celso,3.0,543,23298535.0,-167228.0,2026-01-10
6233,Tenaglia,2.0,542,15255039.0,-169561.0,2026-01-10
1707,Gerard,4.0,533,40774337.0,-170789.0,2026-01-10
18906,Ayoze Pérez,4.0,533,25121603.0,-173707.0,2026-01-10
46733,Raíllo,2.0,798,6753364.0,-180969.0,2026-01-10
183848,Agirrezabala,1.0,532,7510361.0,-185908.0,2026-01-10
129678,A. Ounahi,3.0,547,7526196.0,-193173.0,2026-01-10
47301,Le Normand,2.0,530,11774950.0,-198988.0,2026-01-10
47270,Unai Simón,1.0,531,13234022.0,-201101.0,2026-01-10
20696,Pape Gueye,3.0,533,11799438.0,-206388.0,2026-01-10
83,A. Danjuma,4.0,532,14354585.0,-207452.0,2026-01-10
47273,Yuri,2.0,531,10120498.0,-274444.0,2026-01-10
30399,D. Hancko,2.0,530,28726433.0,-285485.0,2026-01-10
47278,Vivian,2.0,531,16696761.0,-290392.0,2026-01-10
128398,Sancet,3.0,531,12716061.0,-302414.0,2026-01-10
47317,Barrenetxea,3.0,548,39577377.0,-315300.0,2026-01-10
622,Laporte,2.0,531,12145013.0,-320223.0,2026-01-10
26315,Nico González,3.0,530,12393051.0,-337739.0,2026-01-10
1697,Fornals,3.0,543,109089483.0,-340978.0,2026-01-10
383780,Jauregizar,3.0,531,30313518.0,-355953.0,2026-01-10
30510,Berenguer,4.0,531,25683416.0,-365195.0,2026-01-10
56,Griezmann,4.0,530,24286150.0,-393428.0,2026-01-10
47013,Rafa Mir,4.0,797,14518607.0,-397257.0,2026-01-10
323935,Giuliano,4.0,530,56300251.0,-415107.0,2026-01-10
378284,Etta Eyong,4.0,539,27892986.0,-464124.0,2026-01-10
181421,Ez Abde,4.0,543,33782144.0,-516728.0,2026-01-10
753,Llorente,3.0,530,73350893.0,-517640.0,2026-01-10
278,Mbappé,4.0,541,156617520.0,-517937.0,2026-01-10
745,Isco,3.0,543,21993225.0,-541602.0,2026-01-10
47533,Catena,2.0,727,55424398.0,-620836.0,2026-01-10
340626,Fermín,3.0,529,124053697.0,-660698.0,2026-01-10
9971,Antony,4.0,543,105633418.0,-690977.0,2026-01-10
129718,Bellingham,3.0,541,133758630.0,-728761.0,2026-01-10
1496,Raphinha,4.0,529,174688442.0,-859194.0,2026-01-10
909,Rashford,4.0,529,48810712.0,-898192.0,2026-01-10
361497,Huijsen,2.0,541,52823329.0,-932496.0,2026-01-10
521,Lewandowski,4.0,529,57201426.0,-946217.0,2026-01-10
183799,Nico Williams,4.0,531,74464065.0,-1296582.0,2026-01-10
291964,Arda Guler,3.0,541,77589149.0,-1319098.0,2026-01-10
336594,Barrios,3.0,530,62307775.0,-1452353.0,2026-01-10
762,Vinicius Jr.,4.0,541,110864325.0,-1674417.0,2026-01-10
386828,Lamine Yamal,4.0,529,171365744.0,-1756669.0,2026-01-10
6009,Julián A.,4.0,530,103440268.0,-1768454.0,2026-01-10
